{"a63b8a1844343c2264218d24a469d237":{"statistic":{"failed":0,"broken":0,"skipped":0,"passed":1,"unknown":0,"total":1},"items":[{"uid":"d2b477c646eb726f","status":"passed","time":{"start":1699582066914,"stop":1699582067238,"duration":324}}]},"1eb211e27567e2ea623bd553ee5062cc":{"statistic":{"failed":0,"broken":0,"skipped":0,"passed":1,"unknown":0,"total":1},"items":[{"uid":"38f6637bfa4d9810","status":"passed","time":{"start":1699582064617,"stop":1699582066113,"duration":1496}}]},"b1684725d90be680aa62ddda15e275a8":{"statistic":{"failed":0,"broken":0,"skipped":0,"passed":1,"unknown":0,"total":1},"items":[{"uid":"69b9f1ac1e1bf6b7","status":"passed","time":{"start":1699582067241,"stop":1699582070620,"duration":3379}}]},"dfee241ea21448f50bca918698a44d02":{"statistic":{"failed":1,"broken":0,"skipped":0,"passed":0,"unknown":0,"total":1},"items":[{"uid":"6244bfc059bdd040","status":"failed","statusDetails":"AssertionError: 预期结果与实际不符合：预期结果0,实际结果-1","time":{"start":1699582066119,"stop":1699582066866,"duration":747}}]},"c42786b862befbb122e2cb1c546ddd71":{"statistic":{"failed":0,"broken":0,"skipped":0,"passed":1,"unknown":0,"total":1},"items":[{"uid":"f102c95b2de3f967","status":"passed","time":{"start":1699582070625,"stop":1699582072761,"duration":2136}}]}}