{"a63b8a1844343c2264218d24a469d237":{"statistic":{"failed":0,"broken":0,"skipped":0,"passed":1,"unknown":0,"total":1},"items":[{"uid":"953c5fba9090fca0","status":"passed","time":{"start":1698131045948,"stop":1698131046146,"duration":198}}]},"1eb211e27567e2ea623bd553ee5062cc":{"statistic":{"failed":0,"broken":0,"skipped":0,"passed":1,"unknown":0,"total":1},"items":[{"uid":"a9636b761322182e","status":"passed","time":{"start":1698131040796,"stop":1698131045502,"duration":4706}}]},"b1684725d90be680aa62ddda15e275a8":{"statistic":{"failed":0,"broken":0,"skipped":0,"passed":1,"unknown":0,"total":1},"items":[{"uid":"b3b7ad8443096198","status":"passed","time":{"start":1698131046148,"stop":1698131047446,"duration":1298}}]},"dfee241ea21448f50bca918698a44d02":{"statistic":{"failed":1,"broken":0,"skipped":0,"passed":0,"unknown":0,"total":1},"items":[{"uid":"a57c94651ad64875","status":"failed","statusDetails":"AssertionError: 预期结果与实际不符合：预期结果0,实际结果-1","time":{"start":1698131045504,"stop":1698131045920,"duration":416}}]},"c42786b862befbb122e2cb1c546ddd71":{"statistic":{"failed":0,"broken":0,"skipped":0,"passed":1,"unknown":0,"total":1},"items":[{"uid":"badde7e852163574","status":"passed","time":{"start":1698131047448,"stop":1698131049970,"duration":2522}}]}}