{"a63b8a1844343c2264218d24a469d237":{"statistic":{"failed":0,"broken":0,"skipped":0,"passed":1,"unknown":0,"total":1},"items":[{"uid":"8cd81a92f77af2f","status":"passed","time":{"start":1701917946230,"stop":1701917949758,"duration":3528}}]},"1eb211e27567e2ea623bd553ee5062cc":{"statistic":{"failed":0,"broken":0,"skipped":0,"passed":1,"unknown":0,"total":1},"items":[{"uid":"8e9af6fd07160dbc","status":"passed","time":{"start":1701917944278,"stop":1701917945893,"duration":1615}}]},"b1684725d90be680aa62ddda15e275a8":{"statistic":{"failed":0,"broken":0,"skipped":0,"passed":1,"unknown":0,"total":1},"items":[{"uid":"adebedc63b4b4a02","status":"passed","time":{"start":1701917949760,"stop":1701917952661,"duration":2901}}]},"dfee241ea21448f50bca918698a44d02":{"statistic":{"failed":0,"broken":0,"skipped":0,"passed":1,"unknown":0,"total":1},"items":[{"uid":"4bc03f6e2c7669e5","status":"passed","time":{"start":1701917945913,"stop":1701917946227,"duration":314}}]},"c42786b862befbb122e2cb1c546ddd71":{"statistic":{"failed":0,"broken":0,"skipped":0,"passed":1,"unknown":0,"total":1},"items":[{"uid":"8f91b5d6815b7cd7","status":"passed","time":{"start":1701917952667,"stop":1701917954959,"duration":2292}}]}}