{"a63b8a1844343c2264218d24a469d237":{"statistic":{"failed":0,"broken":0,"skipped":0,"passed":1,"unknown":0,"total":1},"items":[{"uid":"ad24ba3a5768496e","status":"passed","time":{"start":1700108683521,"stop":1700108683906,"duration":385}}]},"1eb211e27567e2ea623bd553ee5062cc":{"statistic":{"failed":0,"broken":0,"skipped":0,"passed":1,"unknown":0,"total":1},"items":[{"uid":"5b0d76d568753f1c","status":"passed","time":{"start":1700108680152,"stop":1700108682152,"duration":2000}}]},"b1684725d90be680aa62ddda15e275a8":{"statistic":{"failed":0,"broken":0,"skipped":0,"passed":1,"unknown":0,"total":1},"items":[{"uid":"980bc66e89c6b91e","status":"passed","time":{"start":1700108683912,"stop":1700108685886,"duration":1974}}]},"dfee241ea21448f50bca918698a44d02":{"statistic":{"failed":1,"broken":0,"skipped":0,"passed":0,"unknown":0,"total":1},"items":[{"uid":"73d58e18496f0144","status":"failed","statusDetails":"AssertionError: 预期结果与实际不符合：预期结果1,实际结果-1","time":{"start":1700108682158,"stop":1700108683482,"duration":1324}}]},"c42786b862befbb122e2cb1c546ddd71":{"statistic":{"failed":0,"broken":0,"skipped":0,"passed":1,"unknown":0,"total":1},"items":[{"uid":"765e69a54d2394e9","status":"passed","time":{"start":1700108685893,"stop":1700108688353,"duration":2460}}]}}