{"a63b8a1844343c2264218d24a469d237":{"statistic":{"failed":0,"broken":0,"skipped":0,"passed":1,"unknown":0,"total":1},"items":[{"uid":"2f3960d33dbc6ce4","status":"passed","time":{"start":1700022586309,"stop":1700022586505,"duration":196}}]},"1eb211e27567e2ea623bd553ee5062cc":{"statistic":{"failed":0,"broken":0,"skipped":0,"passed":1,"unknown":0,"total":1},"items":[{"uid":"48a90cd4a011665f","status":"passed","time":{"start":1700022584087,"stop":1700022585866,"duration":1779}}]},"dfee241ea21448f50bca918698a44d02":{"statistic":{"failed":1,"broken":0,"skipped":0,"passed":0,"unknown":0,"total":1},"items":[{"uid":"1dd47be13055abfa","status":"failed","statusDetails":"AssertionError: 预期结果与实际不符合：预期结果0,实际结果-1","time":{"start":1700022585873,"stop":1700022586258,"duration":385}}]}}