{"uid":"4b4757e66a1912dae1a509f688f20b0f","children":[{"name":"Product defects","children":[{"name":"AssertionError: 预期结果与实际不符合：预期结果1,实际结果-1","children":[{"name":"test_case[dic1]","uid":"73d58e18496f0144","parentUid":"a08a40037a0dd7926528746a6799b5b7","status":"failed","time":{"start":1700108682158,"stop":1700108683482,"duration":1324},"flaky":false,"newFailed":false,"newPassed":false,"newBroken":false,"retriesCount":0,"retriesStatusChange":false,"parameters":["{'id': 2.0, 'interfaceUrl': '/user/register', 'name': 'register重复注册', 'method': 'post', 'value': \"{'username':'liusha','password':'123456','repassword':'123456'}\", 'header': '{\"Content-Type\": \"application/x-www-form-urlencoded\"}', 'rely': 'n', 'caseid': '', 'expect': \"{'errorCode':'1'}\"}"],"tags":[]}],"uid":"a08a40037a0dd7926528746a6799b5b7"}],"uid":"8fb3a91ba5aaf9de24cc8a92edc82b5d"}],"name":"categories"}