{"uid":"4b4757e66a1912dae1a509f688f20b0f","children":[{"name":"Product defects","children":[{"name":"AssertionError: 预期结果与实际不符合：预期结果0,实际结果-1","children":[{"name":"test_case[dic1]","uid":"a57c94651ad64875","parentUid":"cb24592e87fe219b7ab350aa457ade07","status":"failed","time":{"start":1698131045504,"stop":1698131045920,"duration":416},"flaky":false,"newFailed":false,"newPassed":false,"newBroken":false,"retriesCount":0,"retriesStatusChange":false,"parameters":["{'id': 2.0, 'interfaceUrl': 'https://www.wanandroid.com/user/register', 'name': 'register', 'method': 'post', 'value': \"{'username':'liusha1','password':'123456','repassword':'123456'}\", 'header': '{}', 'rely': 'n', 'caseid': '', 'expect': \"{'errorCode':'0'}\"}"],"tags":[]}],"uid":"cb24592e87fe219b7ab350aa457ade07"}],"uid":"8fb3a91ba5aaf9de24cc8a92edc82b5d"}],"name":"categories"}