{"uid":"83edc06c07f9ae9e47eb6dd1b683e4e2","children":[{"name":"testCase.test_case","children":[{"name":"test_case[dic0]","uid":"a9636b761322182e","parentUid":"37fc207e50189e88e8269f0d81623b8a","status":"passed","time":{"start":1698131040796,"stop":1698131045502,"duration":4706},"flaky":false,"newFailed":false,"newPassed":false,"newBroken":false,"retriesCount":0,"retriesStatusChange":false,"parameters":["{'id': 1.0, 'interfaceUrl': 'https://www.wanandroid.com/user/login', 'name': 'login', 'method': 'post', 'value': \"{'username':'liusha','password':'123456'}\", 'header': '{}', 'rely': 'n', 'caseid': '', 'expect': \"{'errorCode':'0','username':'liusha'}\"}"],"tags":[]},{"name":"test_case[dic1]","uid":"a57c94651ad64875","parentUid":"37fc207e50189e88e8269f0d81623b8a","status":"failed","time":{"start":1698131045504,"stop":1698131045920,"duration":416},"flaky":false,"newFailed":false,"newPassed":false,"newBroken":false,"retriesCount":0,"retriesStatusChange":false,"parameters":["{'id': 2.0, 'interfaceUrl': 'https://www.wanandroid.com/user/register', 'name': 'register', 'method': 'post', 'value': \"{'username':'liusha1','password':'123456','repassword':'123456'}\", 'header': '{}', 'rely': 'n', 'caseid': '', 'expect': \"{'errorCode':'0'}\"}"],"tags":[]},{"name":"test_case[dic2]","uid":"953c5fba9090fca0","parentUid":"37fc207e50189e88e8269f0d81623b8a","status":"passed","time":{"start":1698131045948,"stop":1698131046146,"duration":198},"flaky":false,"newFailed":false,"newPassed":false,"newBroken":false,"retriesCount":0,"retriesStatusChange":false,"parameters":["{'id': 3.0, 'interfaceUrl': 'https://www.wanandroid.com/user/logout/json', 'name': 'logout', 'method': 'get', 'value': \"{'username':'liusha'}\", 'header': '{}', 'rely': 'n', 'caseid': '', 'expect': \"{'errorCode':'0'}\"}"],"tags":[]},{"name":"test_case[dic3]","uid":"b3b7ad8443096198","parentUid":"37fc207e50189e88e8269f0d81623b8a","status":"passed","time":{"start":1698131046148,"stop":1698131047446,"duration":1298},"flaky":false,"newFailed":false,"newPassed":false,"newBroken":false,"retriesCount":0,"retriesStatusChange":false,"parameters":["{'id': 4.0, 'interfaceUrl': 'https://www.wanandroid.com/user/lg/userinfo/json', 'name': 'getinfo', 'method': 'get', 'value': '{}', 'header': '{\"cookie\":\"${Set-Cookie}\"}', 'rely': 'y', 'caseid': 1.0, 'expect': \"{'errorCode':'0'}\"}"],"tags":[]},{"name":"test_case[dic4]","uid":"badde7e852163574","parentUid":"37fc207e50189e88e8269f0d81623b8a","status":"passed","time":{"start":1698131047448,"stop":1698131049970,"duration":2522},"flaky":false,"newFailed":false,"newPassed":false,"newBroken":false,"retriesCount":0,"retriesStatusChange":false,"parameters":["{'id': 5.0, 'interfaceUrl': 'https://www.wanandroid.com/lg/collect/addtool/json', 'name': 'collect', 'method': 'post', 'value': \"{'name':'${username}','link':'www.baidu.com'}\", 'header': '{\"cookie\":\"${Set-Cookie}\"}', 'rely': 'y', 'caseid': 1.0, 'expect': \"{'errorCode':'0'}\"}"],"tags":[]}],"uid":"testCase.test_case"}],"name":"packages"}