{"uid":"98d3104e051c652961429bf95fa0b5d6","children":[{"name":"testCase","children":[{"name":"test_case","children":[{"name":"TestCase","children":[{"name":"test_case[dic0]","uid":"8e9af6fd07160dbc","parentUid":"61f26a23a0f20e52e44fcaf97ac340ce","status":"passed","time":{"start":1701917944278,"stop":1701917945893,"duration":1615},"flaky":false,"newFailed":false,"newPassed":false,"newBroken":false,"retriesCount":0,"retriesStatusChange":false,"parameters":["{'id': 1.0, 'interfaceUrl': '/user/login', 'name': 'login登录', 'method': 'post', 'value': \"{'username':'liusha','password':'123456'}\", 'header': '{\"Content-Type\": \"application/x-www-form-urlencoded\"}', 'rely': 'n', 'caseid': '', 'expect': \"{'errorCode':'0','username':'liusha'}\"}"],"tags":[]},{"name":"test_case[dic1]","uid":"4bc03f6e2c7669e5","parentUid":"61f26a23a0f20e52e44fcaf97ac340ce","status":"passed","time":{"start":1701917945913,"stop":1701917946227,"duration":314},"flaky":false,"newFailed":false,"newPassed":false,"newBroken":false,"retriesCount":0,"retriesStatusChange":false,"parameters":["{'id': 2.0, 'interfaceUrl': '/user/register', 'name': 'register重复注册', 'method': 'post', 'value': \"{'username':'liusha','password':'123456','repassword':'123456'}\", 'header': '{\"Content-Type\": \"application/x-www-form-urlencoded\"}', 'rely': 'n', 'caseid': '', 'expect': \"{'errorCode':'-1'}\"}"],"tags":[]},{"name":"test_case[dic2]","uid":"8cd81a92f77af2f","parentUid":"61f26a23a0f20e52e44fcaf97ac340ce","status":"passed","time":{"start":1701917946230,"stop":1701917949758,"duration":3528},"flaky":false,"newFailed":false,"newPassed":false,"newBroken":false,"retriesCount":0,"retriesStatusChange":false,"parameters":["{'id': 3.0, 'interfaceUrl': '/user/logout/json', 'name': 'logout', 'method': 'get', 'value': \"{'username':'liusha'}\", 'header': '{}', 'rely': 'n', 'caseid': '', 'expect': \"{'errorCode':'0'}\"}"],"tags":[]},{"name":"test_case[dic3]","uid":"adebedc63b4b4a02","parentUid":"61f26a23a0f20e52e44fcaf97ac340ce","status":"passed","time":{"start":1701917949760,"stop":1701917952661,"duration":2901},"flaky":false,"newFailed":false,"newPassed":false,"newBroken":false,"retriesCount":0,"retriesStatusChange":false,"parameters":["{'id': 4.0, 'interfaceUrl': '/user/lg/userinfo/json', 'name': 'getinfo', 'method': 'get', 'value': '{}', 'header': '{\"cookie\":\"${Set-Cookie}\"}', 'rely': 'y', 'caseid': 1.0, 'expect': \"{'errorCode':'0'}\"}"],"tags":[]},{"name":"test_case[dic4]","uid":"8f91b5d6815b7cd7","parentUid":"61f26a23a0f20e52e44fcaf97ac340ce","status":"passed","time":{"start":1701917952667,"stop":1701917954959,"duration":2292},"flaky":false,"newFailed":false,"newPassed":false,"newBroken":false,"retriesCount":0,"retriesStatusChange":false,"parameters":["{'id': 5.0, 'interfaceUrl': '/lg/collect/addtool/json', 'name': 'collect', 'method': 'post', 'value': \"{'name':'${username}','link':'www.baidu.com'}\", 'header': '{\"Content-Type\": \"application/x-www-form-urlencoded\",\"cookie\":\"${Set-Cookie}\"}', 'rely': 'y', 'caseid': 1.0, 'expect': \"{'errorCode':'0'}\"}"],"tags":[]}],"uid":"61f26a23a0f20e52e44fcaf97ac340ce"}],"uid":"7de855314af5ec767bc1f3bdd8de9c32"}],"uid":"d3cf1515650a5ed7a96e23a845f006fa"}],"name":"suites"}