{"uid":"98d3104e051c652961429bf95fa0b5d6","children":[{"name":"testCase","children":[{"name":"test_case","children":[{"name":"TestCase","children":[{"name":"test_case[dic0]","uid":"38f6637bfa4d9810","parentUid":"61f26a23a0f20e52e44fcaf97ac340ce","status":"passed","time":{"start":1699582064617,"stop":1699582066113,"duration":1496},"flaky":false,"newFailed":false,"newPassed":false,"newBroken":false,"retriesCount":0,"retriesStatusChange":false,"parameters":["{'id': 1.0, 'interfaceUrl': 'https://www.wanandroid.com/user/login', 'name': 'login', 'method': 'post', 'value': \"{'username':'liusha','password':'123456'}\", 'header': '{}', 'rely': 'n', 'caseid': '', 'expect': \"{'errorCode':'0','username':'liusha'}\"}"],"tags":[]},{"name":"test_case[dic1]","uid":"6244bfc059bdd040","parentUid":"61f26a23a0f20e52e44fcaf97ac340ce","status":"failed","time":{"start":1699582066119,"stop":1699582066866,"duration":747},"flaky":false,"newFailed":false,"newPassed":false,"newBroken":false,"retriesCount":0,"retriesStatusChange":false,"parameters":["{'id': 2.0, 'interfaceUrl': 'https://www.wanandroid.com/user/register', 'name': 'register', 'method': 'post', 'value': \"{'username':'liusha1','password':'123456','repassword':'123456'}\", 'header': '{}', 'rely': 'n', 'caseid': '', 'expect': \"{'errorCode':'0'}\"}"],"tags":[]},{"name":"test_case[dic2]","uid":"d2b477c646eb726f","parentUid":"61f26a23a0f20e52e44fcaf97ac340ce","status":"passed","time":{"start":1699582066914,"stop":1699582067238,"duration":324},"flaky":false,"newFailed":false,"newPassed":false,"newBroken":false,"retriesCount":0,"retriesStatusChange":false,"parameters":["{'id': 3.0, 'interfaceUrl': 'https://www.wanandroid.com/user/logout/json', 'name': 'logout', 'method': 'get', 'value': \"{'username':'liusha'}\", 'header': '{}', 'rely': 'n', 'caseid': '', 'expect': \"{'errorCode':'0'}\"}"],"tags":[]},{"name":"test_case[dic3]","uid":"69b9f1ac1e1bf6b7","parentUid":"61f26a23a0f20e52e44fcaf97ac340ce","status":"passed","time":{"start":1699582067241,"stop":1699582070620,"duration":3379},"flaky":false,"newFailed":false,"newPassed":false,"newBroken":false,"retriesCount":0,"retriesStatusChange":false,"parameters":["{'id': 4.0, 'interfaceUrl': 'https://www.wanandroid.com/user/lg/userinfo/json', 'name': 'getinfo', 'method': 'get', 'value': '{}', 'header': '{\"cookie\":\"${Set-Cookie}\"}', 'rely': 'y', 'caseid': 1.0, 'expect': \"{'errorCode':'0'}\"}"],"tags":[]},{"name":"test_case[dic4]","uid":"f102c95b2de3f967","parentUid":"61f26a23a0f20e52e44fcaf97ac340ce","status":"passed","time":{"start":1699582070625,"stop":1699582072761,"duration":2136},"flaky":false,"newFailed":false,"newPassed":false,"newBroken":false,"retriesCount":0,"retriesStatusChange":false,"parameters":["{'id': 5.0, 'interfaceUrl': 'https://www.wanandroid.com/lg/collect/addtool/json', 'name': 'collect', 'method': 'post', 'value': \"{'name':'${username}','link':'www.baidu.com'}\", 'header': '{\"cookie\":\"${Set-Cookie}\"}', 'rely': 'y', 'caseid': 1.0, 'expect': \"{'errorCode':'0'}\"}"],"tags":[]}],"uid":"61f26a23a0f20e52e44fcaf97ac340ce"}],"uid":"7de855314af5ec767bc1f3bdd8de9c32"}],"uid":"d3cf1515650a5ed7a96e23a845f006fa"}],"name":"suites"}