{"uid":"98d3104e051c652961429bf95fa0b5d6","children":[{"name":"testCase","children":[{"name":"test_case","children":[{"name":"TestCase","children":[{"name":"test_case[dic0]","uid":"48a90cd4a011665f","parentUid":"61f26a23a0f20e52e44fcaf97ac340ce","status":"passed","time":{"start":1700022584087,"stop":1700022585866,"duration":1779},"flaky":false,"newFailed":false,"newPassed":false,"newBroken":false,"retriesCount":0,"retriesStatusChange":false,"parameters":["{'id': 1.0, 'interfaceUrl': '/user/login', 'name': 'login', 'method': 'post', 'value': \"{'username':'liusha','password':'123456'}\", 'header': '{}', 'rely': 'n', 'caseid': '', 'expect': \"{'errorCode':'0','username':'liusha'}\"}"],"tags":[]},{"name":"test_case[dic1]","uid":"1dd47be13055abfa","parentUid":"61f26a23a0f20e52e44fcaf97ac340ce","status":"failed","time":{"start":1700022585873,"stop":1700022586258,"duration":385},"flaky":false,"newFailed":false,"newPassed":false,"newBroken":false,"retriesCount":0,"retriesStatusChange":false,"parameters":["{'id': 2.0, 'interfaceUrl': '/user/register', 'name': 'register', 'method': 'post', 'value': \"{'username':'liusha1','password':'123456','repassword':'123456'}\", 'header': '{}', 'rely': 'n', 'caseid': '', 'expect': \"{'errorCode':'0'}\"}"],"tags":[]},{"name":"test_case[dic2]","uid":"2f3960d33dbc6ce4","parentUid":"61f26a23a0f20e52e44fcaf97ac340ce","status":"passed","time":{"start":1700022586309,"stop":1700022586505,"duration":196},"flaky":false,"newFailed":false,"newPassed":false,"newBroken":false,"retriesCount":0,"retriesStatusChange":false,"parameters":["{'id': 3.0, 'interfaceUrl': '/user/logout/json', 'name': 'logout', 'method': 'get', 'value': \"{'username':'liusha'}\", 'header': '{}', 'rely': 'n', 'caseid': '', 'expect': \"{'errorCode':'0'}\"}"],"tags":[]}],"uid":"61f26a23a0f20e52e44fcaf97ac340ce"}],"uid":"7de855314af5ec767bc1f3bdd8de9c32"}],"uid":"d3cf1515650a5ed7a96e23a845f006fa"}],"name":"suites"}