"Status","Start Time","Stop Time","Duration in ms","Parent Suite","Suite","Sub Suite","Test Class","Test Method","Name","Description"
"passed","Thu Nov 16 12:24:43 CST 2023","Thu Nov 16 12:24:45 CST 2023","1974","testCase","test_case","TestCase","","","test_case[dic3]",""
"passed","Thu Nov 16 12:24:40 CST 2023","Thu Nov 16 12:24:42 CST 2023","2000","testCase","test_case","TestCase","","","test_case[dic0]",""
"passed","Thu Nov 16 12:24:45 CST 2023","Thu Nov 16 12:24:48 CST 2023","2460","testCase","test_case","TestCase","","","test_case[dic4]",""
"passed","Thu Nov 16 12:24:43 CST 2023","Thu Nov 16 12:24:43 CST 2023","385","testCase","test_case","TestCase","","","test_case[dic2]",""
"failed","Thu Nov 16 12:24:42 CST 2023","Thu Nov 16 12:24:43 CST 2023","1324","testCase","test_case","TestCase","","","test_case[dic1]",""
