{"uid":"98d3104e051c652961429bf95fa0b5d6","children":[{"name":"testCase","children":[{"name":"test_case","children":[{"name":"TestCase","children":[{"name":"test_case[dic0]","uid":"5b0d76d568753f1c","parentUid":"61f26a23a0f20e52e44fcaf97ac340ce","status":"passed","time":{"start":1700108680152,"stop":1700108682152,"duration":2000},"flaky":false,"newFailed":false,"newPassed":false,"newBroken":false,"retriesCount":0,"retriesStatusChange":false,"parameters":["{'id': 1.0, 'interfaceUrl': '/user/login', 'name': 'login登录', 'method': 'post', 'value': \"{'username':'liusha','password':'123456'}\", 'header': '{\"Content-Type\": \"application/x-www-form-urlencoded\"}', 'rely': 'n', 'caseid': '', 'expect': \"{'errorCode':'0','username':'liusha'}\"}"],"tags":[]},{"name":"test_case[dic1]","uid":"73d58e18496f0144","parentUid":"61f26a23a0f20e52e44fcaf97ac340ce","status":"failed","time":{"start":1700108682158,"stop":1700108683482,"duration":1324},"flaky":false,"newFailed":false,"newPassed":false,"newBroken":false,"retriesCount":0,"retriesStatusChange":false,"parameters":["{'id': 2.0, 'interfaceUrl': '/user/register', 'name': 'register重复注册', 'method': 'post', 'value': \"{'username':'liusha','password':'123456','repassword':'123456'}\", 'header': '{\"Content-Type\": \"application/x-www-form-urlencoded\"}', 'rely': 'n', 'caseid': '', 'expect': \"{'errorCode':'1'}\"}"],"tags":[]},{"name":"test_case[dic2]","uid":"ad24ba3a5768496e","parentUid":"61f26a23a0f20e52e44fcaf97ac340ce","status":"passed","time":{"start":1700108683521,"stop":1700108683906,"duration":385},"flaky":false,"newFailed":false,"newPassed":false,"newBroken":false,"retriesCount":0,"retriesStatusChange":false,"parameters":["{'id': 3.0, 'interfaceUrl': '/user/logout/json', 'name': 'logout', 'method': 'get', 'value': \"{'username':'liusha'}\", 'header': '{}', 'rely': 'n', 'caseid': '', 'expect': \"{'errorCode':'0'}\"}"],"tags":[]},{"name":"test_case[dic3]","uid":"980bc66e89c6b91e","parentUid":"61f26a23a0f20e52e44fcaf97ac340ce","status":"passed","time":{"start":1700108683912,"stop":1700108685886,"duration":1974},"flaky":false,"newFailed":false,"newPassed":false,"newBroken":false,"retriesCount":0,"retriesStatusChange":false,"parameters":["{'id': 4.0, 'interfaceUrl': '/user/lg/userinfo/json', 'name': 'getinfo', 'method': 'get', 'value': '{}', 'header': '{\"cookie\":\"${Set-Cookie}\"}', 'rely': 'y', 'caseid': 1.0, 'expect': \"{'errorCode':'0'}\"}"],"tags":[]},{"name":"test_case[dic4]","uid":"765e69a54d2394e9","parentUid":"61f26a23a0f20e52e44fcaf97ac340ce","status":"passed","time":{"start":1700108685893,"stop":1700108688353,"duration":2460},"flaky":false,"newFailed":false,"newPassed":false,"newBroken":false,"retriesCount":0,"retriesStatusChange":false,"parameters":["{'id': 5.0, 'interfaceUrl': '/lg/collect/addtool/json', 'name': 'collect', 'method': 'post', 'value': \"{'name':'${username}','link':'www.baidu.com'}\", 'header': '{\"Content-Type\": \"application/x-www-form-urlencoded\",\"cookie\":\"${Set-Cookie}\"}', 'rely': 'y', 'caseid': 1.0, 'expect': \"{'errorCode':'0'}\"}"],"tags":[]}],"uid":"61f26a23a0f20e52e44fcaf97ac340ce"}],"uid":"7de855314af5ec767bc1f3bdd8de9c32"}],"uid":"d3cf1515650a5ed7a96e23a845f006fa"}],"name":"suites"}