"Status","Start Time","Stop Time","Duration in ms","Parent Suite","Suite","Sub Suite","Test Class","Test Method","Name","Description"
"passed","Thu Dec 07 10:59:12 CST 2023","Thu Dec 07 10:59:14 CST 2023","2292","testCase","test_case","TestCase","","","test_case[dic4]",""
"passed","Thu Dec 07 10:59:04 CST 2023","Thu Dec 07 10:59:05 CST 2023","1615","testCase","test_case","TestCase","","","test_case[dic0]",""
"passed","Thu Dec 07 10:59:09 CST 2023","Thu Dec 07 10:59:12 CST 2023","2901","testCase","test_case","TestCase","","","test_case[dic3]",""
"passed","Thu Dec 07 10:59:05 CST 2023","Thu Dec 07 10:59:06 CST 2023","314","testCase","test_case","TestCase","","","test_case[dic1]",""
"passed","Thu Dec 07 10:59:06 CST 2023","Thu Dec 07 10:59:09 CST 2023","3528","testCase","test_case","TestCase","","","test_case[dic2]",""
