{"uid":"ab17fc5a4eb3bca4b216b548c7f9fcbc","children":[{"name":"liushadeMBP","children":[{"name":"85905-MainThread","children":[{"name":"test_case[dic4]","uid":"765e69a54d2394e9","parentUid":"4f34e6430cc249e66f2396c63881a218","status":"passed","time":{"start":1700108685893,"stop":1700108688353,"duration":2460},"flaky":false,"newFailed":false,"newPassed":false,"newBroken":false,"retriesCount":0,"retriesStatusChange":false,"parameters":["{'id': 5.0, 'interfaceUrl': '/lg/collect/addtool/json', 'name': 'collect', 'method': 'post', 'value': \"{'name':'${username}','link':'www.baidu.com'}\", 'header': '{\"Content-Type\": \"application/x-www-form-urlencoded\",\"cookie\":\"${Set-Cookie}\"}', 'rely': 'y', 'caseid': 1.0, 'expect': \"{'errorCode':'0'}\"}"],"tags":[]},{"name":"test_case[dic1]","uid":"73d58e18496f0144","parentUid":"4f34e6430cc249e66f2396c63881a218","status":"failed","time":{"start":1700108682158,"stop":1700108683482,"duration":1324},"flaky":false,"newFailed":false,"newPassed":false,"newBroken":false,"retriesCount":0,"retriesStatusChange":false,"parameters":["{'id': 2.0, 'interfaceUrl': '/user/register', 'name': 'register重复注册', 'method': 'post', 'value': \"{'username':'liusha','password':'123456','repassword':'123456'}\", 'header': '{\"Content-Type\": \"application/x-www-form-urlencoded\"}', 'rely': 'n', 'caseid': '', 'expect': \"{'errorCode':'1'}\"}"],"tags":[]},{"name":"test_case[dic2]","uid":"ad24ba3a5768496e","parentUid":"4f34e6430cc249e66f2396c63881a218","status":"passed","time":{"start":1700108683521,"stop":1700108683906,"duration":385},"flaky":false,"newFailed":false,"newPassed":false,"newBroken":false,"retriesCount":0,"retriesStatusChange":false,"parameters":["{'id': 3.0, 'interfaceUrl': '/user/logout/json', 'name': 'logout', 'method': 'get', 'value': \"{'username':'liusha'}\", 'header': '{}', 'rely': 'n', 'caseid': '', 'expect': \"{'errorCode':'0'}\"}"],"tags":[]},{"name":"test_case[dic0]","uid":"5b0d76d568753f1c","parentUid":"4f34e6430cc249e66f2396c63881a218","status":"passed","time":{"start":1700108680152,"stop":1700108682152,"duration":2000},"flaky":false,"newFailed":false,"newPassed":false,"newBroken":false,"retriesCount":0,"retriesStatusChange":false,"parameters":["{'id': 1.0, 'interfaceUrl': '/user/login', 'name': 'login登录', 'method': 'post', 'value': \"{'username':'liusha','password':'123456'}\", 'header': '{\"Content-Type\": \"application/x-www-form-urlencoded\"}', 'rely': 'n', 'caseid': '', 'expect': \"{'errorCode':'0','username':'liusha'}\"}"],"tags":[]},{"name":"test_case[dic3]","uid":"980bc66e89c6b91e","parentUid":"4f34e6430cc249e66f2396c63881a218","status":"passed","time":{"start":1700108683912,"stop":1700108685886,"duration":1974},"flaky":false,"newFailed":false,"newPassed":false,"newBroken":false,"retriesCount":0,"retriesStatusChange":false,"parameters":["{'id': 4.0, 'interfaceUrl': '/user/lg/userinfo/json', 'name': 'getinfo', 'method': 'get', 'value': '{}', 'header': '{\"cookie\":\"${Set-Cookie}\"}', 'rely': 'y', 'caseid': 1.0, 'expect': \"{'errorCode':'0'}\"}"],"tags":[]}],"uid":"4f34e6430cc249e66f2396c63881a218"}],"uid":"734d0c4f04a0815ee91d4fdcc3f4e1c7"}],"name":"timeline"}