[{"uid":"69b9f1ac1e1bf6b7","name":"test_case[dic3]","time":{"start":1699582067241,"stop":1699582070620,"duration":3379},"status":"passed","severity":"normal"},{"uid":"f102c95b2de3f967","name":"test_case[dic4]","time":{"start":1699582070625,"stop":1699582072761,"duration":2136},"status":"passed","severity":"normal"},{"uid":"d2b477c646eb726f","name":"test_case[dic2]","time":{"start":1699582066914,"stop":1699582067238,"duration":324},"status":"passed","severity":"normal"},{"uid":"38f6637bfa4d9810","name":"test_case[dic0]","time":{"start":1699582064617,"stop":1699582066113,"duration":1496},"status":"passed","severity":"normal"},{"uid":"6244bfc059bdd040","name":"test_case[dic1]","time":{"start":1699582066119,"stop":1699582066866,"duration":747},"status":"failed","severity":"normal"}]