[{"uid":"8f91b5d6815b7cd7","name":"test_case[dic4]","time":{"start":1701917952667,"stop":1701917954959,"duration":2292},"status":"passed","severity":"normal"},{"uid":"adebedc63b4b4a02","name":"test_case[dic3]","time":{"start":1701917949760,"stop":1701917952661,"duration":2901},"status":"passed","severity":"normal"},{"uid":"8e9af6fd07160dbc","name":"test_case[dic0]","time":{"start":1701917944278,"stop":1701917945893,"duration":1615},"status":"passed","severity":"normal"},{"uid":"8cd81a92f77af2f","name":"test_case[dic2]","time":{"start":1701917946230,"stop":1701917949758,"duration":3528},"status":"passed","severity":"normal"},{"uid":"4bc03f6e2c7669e5","name":"test_case[dic1]","time":{"start":1701917945913,"stop":1701917946227,"duration":314},"status":"passed","severity":"normal"}]