[{"uid":"980bc66e89c6b91e","name":"test_case[dic3]","time":{"start":1700108683912,"stop":1700108685886,"duration":1974},"status":"passed","severity":"normal"},{"uid":"5b0d76d568753f1c","name":"test_case[dic0]","time":{"start":1700108680152,"stop":1700108682152,"duration":2000},"status":"passed","severity":"normal"},{"uid":"765e69a54d2394e9","name":"test_case[dic4]","time":{"start":1700108685893,"stop":1700108688353,"duration":2460},"status":"passed","severity":"normal"},{"uid":"ad24ba3a5768496e","name":"test_case[dic2]","time":{"start":1700108683521,"stop":1700108683906,"duration":385},"status":"passed","severity":"normal"},{"uid":"73d58e18496f0144","name":"test_case[dic1]","time":{"start":1700108682158,"stop":1700108683482,"duration":1324},"status":"failed","severity":"normal"}]