[{"uid":"badde7e852163574","name":"test_case[dic4]","time":{"start":1698131047448,"stop":1698131049970,"duration":2522},"status":"passed","severity":"normal"},{"uid":"a9636b761322182e","name":"test_case[dic0]","time":{"start":1698131040796,"stop":1698131045502,"duration":4706},"status":"passed","severity":"normal"},{"uid":"a57c94651ad64875","name":"test_case[dic1]","time":{"start":1698131045504,"stop":1698131045920,"duration":416},"status":"failed","severity":"normal"},{"uid":"953c5fba9090fca0","name":"test_case[dic2]","time":{"start":1698131045948,"stop":1698131046146,"duration":198},"status":"passed","severity":"normal"},{"uid":"b3b7ad8443096198","name":"test_case[dic3]","time":{"start":1698131046148,"stop":1698131047446,"duration":1298},"status":"passed","severity":"normal"}]